1,Cymbre,Crim,1@test.com,password,51892554,972-216-4033,6071221363239,431-429,30040206263006,426,8 Quincy Street,Sydney,9398,NSW,Australia
2,Waiter,Born,2@test.com,password,89222320,634-588-0279,5221801255945,062-565,670916291711643138,576,47 Leroy Terrace,Sydney,7959,NSW,Australia
3,Chrystal,Yakubowicz,3@test.com,password,84761659,586-361-2770,4226673749325,607-095,4508842182226237,886,6 Menomonie Street,Hobart,6820,TAS,Australia
4,Giana,Cowthard,4@test.com,password,14313948,903-813-5256,7830000524808,713-085,5602230824803856,311,23 6th Trail,Perth,4480,WA,Australia
5,Harald,Mioni,5@test.com,password,16783637,257-485-6488,4327288851880,881-759,3569901737919015,019,27 Rigney Avenue,Sydney,5242,NSW,Australia
6,Emylee,Stodhart,6@test.com,password,10907493,364-899-5018,4455268346541,216-108,5401192332794154,934,3908 Dovetail Park,Sydney,8267,NSW,Australia
7,Vassili,Petchell,7@test.com,password,65149936,855-546-1775,4629347047604,114-761,3546349407675665,544,23604 Rieder Hill,Adelaide Mail Centre,8647,SA,Australia
8,Silvana,Greetland,8@test.com,password,65842001,308-426-5518,9483640604075,179-086,3569848678258962,041,5 Village Green Circle,Sydney,3370,NSW,Australia
9,Gonzalo,Pedrocco,9@test.com,password,58304208,979-562-9645,7710368267495,271-167,3580853978593220,047,433 Fuller Crossing,Sydney,2482,NSW,Australia
10,Rafe,Artrick,10@test.com,password,39790842,364-864-7000,5067034752229,576-482,30104364627244,032,024 Carioca Junction,Sydney,0537,NSW,Australia
11,Creight,Brahams,11@test.com,password,40150138,451-554-5725,5269620747481,912-487,5602227767003920195,285,90679 Commercial Circle,Hobart,6432,TAS,Australia
12,Bernie,Barnson,12@test.com,password,15969797,840-170-3115,2138805097213,191-083,491196188205252032,572,44 Commercial Court,Melbourne,7185,VIC,Australia
13,Delano,Gideon,13@test.com,password,14711034,667-385-3862,5459391048600,543-552,3567458230231952,833,5155 Pond Park,Sydney,0533,NSW,Australia
14,Jdavie,Uden,14@test.com,password,56253331,490-726-6834,9026449698776,553-080,3569752072866190,378,3 Roth Parkway,Sydney,6388,NSW,Australia
15,Madella,Sullens,15@test.com,password,08011133,965-350-6155,6414713682309,317-690,5610793264772618,968,7934 Maywood Center,Melbourne,5109,VIC,Australia
16,Jessalin,Benner,16@test.com,password,00760303,973-921-3275,2450696315950,943-075,5590251360206357,712,2939 Anhalt Park,Adelaide Mail Centre,2567,SA,Australia
17,Malynda,Mc Queen,17@test.com,password,24093327,138-400-2734,0209086926534,825-661,6761551918527610478,075,729 Autumn Leaf Terrace,Australia Square,6641,NSW,Australia
18,Marthe,Stebbin,18@test.com,password,15752799,133-794-1278,9568596540675,720-251,5602229919336020,856,6331 Merchant Point,Hobart,0126,TAS,Australia
19,Johnette,Plait,19@test.com,password,69347378,135-715-3823,9912081221259,460-195,6762779988737723944,120,3 Lillian Avenue,Eastern Suburbs Mc,0569,NSW,Australia
20,Melisa,Harbor,20@test.com,password,94120051,455-319-7340,3882477042890,931-096,3536864267840581,177,3515 Old Shore Point,Sydney,6769,NSW,Australia
21,Hedwiga,Sorley,21@test.com,password,55316733,194-127-9470,6565061043625,922-454,6333860252078556052,534,86349 Ludington Trail,Sydney,3128,NSW,Australia
22,Christin,Friedlos,22@test.com,password,11691570,812-598-7463,9322440722652,339-010,5100132231264234,772,3 Lakeland Avenue,Sydney,0491,NSW,Australia
23,Saleem,Kahan,23@test.com,password,67428707,455-192-6938,0848564490139,324-772,374622832998933,507,1 Rigney Place,Australia Square,9311,NSW,Australia
24,Monti,Wiz,24@test.com,password,44845595,819-802-5740,0479783727457,328-363,5610456340682710,502,3287 Johnson Street,Adelaide,5656,SA,Australia
25,Lorin,Ethelstone,25@test.com,password,16297559,162-299-7028,2729651652379,432-309,3589443155876159,165,648 Fairview Road,Strawberry Hills,1393,NSW,Australia
26,Ariadne,Aggett,26@test.com,password,48806027,793-406-5417,0035111082009,209-467,3585610901538630,208,667 Packers Terrace,Adelaide Mail Centre,0204,SA,Australia
27,Allyn,Filler,27@test.com,password,49332820,906-688-8141,6400178984254,757-853,3566331940244618,353,272 Bashford Pass,Sydney,5182,NSW,Australia
28,Karlene,Rosebotham,28@test.com,password,77969887,892-826-6560,3352275649914,258-880,201725949369085,192,7 Dovetail Parkway,Adelaide Mail Centre,5485,SA,Australia
29,Adan,Mizzi,29@test.com,password,55786407,497-461-4485,1299362903294,796-867,5007668829514757,675,20 Forster Parkway,Australia Square,4813,NSW,Australia
30,Mag,Mamwell,30@test.com,password,18043621,346-549-4767,6994465313384,213-590,5108759003828804,000,93634 Glendale Alley,Eastern Suburbs Mc,8096,NSW,Australia
31,Jasmina,Thridgould,31@test.com,password,89043217,303-880-0867,4075834453380,991-564,4026237502003155,309,4519 Hermina Lane,Sydney,1567,NSW,Australia
32,Loni,Spencley,32@test.com,password,74295999,427-621-2489,2895159801111,890-341,3554173241803377,551,5 Graedel Center,Sydney,2160,NSW,Australia
33,Melantha,Laying,33@test.com,password,58518024,198-896-8362,7779633041908,721-186,6759599291227750,219,5 Rutledge Center,Perth,4667,WA,Australia
34,Dita,Haddinton,34@test.com,password,79485410,702-730-7830,4834214088417,522-311,3548588860064226,310,8233 Karstens Lane,Launceston,8421,TAS,Australia
35,Berrie,Ciric,35@test.com,password,35146807,885-517-4213,6582277607913,346-961,6304741648590807954,158,7710 Pearson Pass,Hobart,4979,TAS,Australia
36,Olympie,Cornforth,36@test.com,password,98708234,483-611-2723,8416197747587,700-104,3555281610117425,840,4698 Granby Plaza,Strawberry Hills,9794,NSW,Australia
37,Athena,Edgerton,37@test.com,password,69420891,774-670-1100,7392429958268,105-095,3535497972717702,672,66 Clemons Terrace,Perth,2193,WA,Australia
38,Matthias,Molder,38@test.com,password,73232238,484-929-1807,0254964593584,404-273,3587567449653735,664,87974 Mcguire Terrace,Strawberry Hills,0085,NSW,Australia
39,Dannel,Wilshire,39@test.com,password,85416081,356-972-0419,5538568722087,601-571,3587213805560715,550,1 Hansons Drive,Eastern Suburbs Mc,6273,NSW,Australia
40,Kit,Pecht,40@test.com,password,04830862,303-783-8018,0993013400814,192-278,3567204663599915,266,77481 Stuart Court,Sydney,9300,NSW,Australia
41,Brewer,Maleck,41@test.com,password,59770678,160-892-0700,3320955851152,886-269,3532556900221658,970,774 Raven Terrace,Australia Square,4611,NSW,Australia
42,Emelen,Friett,42@test.com,password,48446169,246-230-8611,2965860377766,114-217,3529793473912638,289,751 Kim Drive,Sydney,9661,NSW,Australia
43,Maure,Bog,43@test.com,password,45726800,780-672-0045,6641635296203,860-610,564182955655053478,393,3 Moulton Crossing,Hobart,5316,TAS,Australia
44,Richardo,Cullin,44@test.com,password,53697320,952-447-7117,1024327140145,912-188,3565883770782183,083,205 Scott Crossing,Perth,4906,WA,Australia
45,Vitia,Olufsen,45@test.com,password,77341717,647-819-8891,6268314029454,385-173,3546165093647671,158,269 Troy Pass,Sydney,4883,NSW,Australia
46,Rich,Longina,46@test.com,password,57368592,340-891-2358,6762445317776,346-999,4041373106873908,404,300 Troy Road,Melbourne,8396,VIC,Australia
47,Shana,Watkiss,47@test.com,password,41801878,339-673-4502,5318164753885,022-036,56022563580155284,774,153 Bunker Hill Plaza,Sydney,4578,NSW,Australia
48,Alia,O'Donovan,48@test.com,password,22029383,196-272-2393,5898764754597,971-217,3530799654860857,835,09211 Atwood Street,Sydney,3180,NSW,Australia
49,Hank,Chezelle,49@test.com,password,32065936,981-236-9083,2952682502438,661-908,3568591972330126,534,231 Dexter Park,Strawberry Hills,7953,NSW,Australia
50,Brendis,Garritley,50@test.com,password,65420771,159-696-6879,9634327109047,620-627,3529819389772707,495,8 Duke Pass,Brisbane,4324,QLD,Australia
51,Joann,Egginson,51@test.com,password,22860916,245-776-3782,6702486361179,335-217,30088842421009,798,48 Sage Court,Sydney,0632,NSW,Australia
52,Jobie,Popham,52@test.com,password,64525730,581-456-5484,5048286008453,285-644,5100170645962910,734,15012 Cordelia Terrace,Northern Suburbs Mc,6293,NSW,Australia
53,Millie,Rimell,53@test.com,password,32526674,492-365-0172,5328321927577,805-424,4129846623018,483,221 5th Park,Sydney,8245,NSW,Australia
54,Kip,Vaen,54@test.com,password,66948988,663-595-9631,6882514632759,567-968,5010127102902150,700,6 Holy Cross Avenue,Launceston,9427,TAS,Australia
55,Yul,Gradwell,55@test.com,password,22527279,588-972-6927,0476300423280,757-454,3535106986052739,346,21 Marcy Park,Eastern Suburbs Mc,8937,NSW,Australia
56,Aubrette,Greenless,56@test.com,password,17106367,117-238-7372,7150445541745,486-781,5048373544358447,232,7058 Eagle Crest Pass,Melbourne,5003,VIC,Australia
57,Peyton,Dobbins,57@test.com,password,91840495,509-383-8426,0390230596576,588-205,5002350742483742,274,423 Oxford Place,Hobart,1958,TAS,Australia
58,Darelle,Blanning,58@test.com,password,37459204,768-878-0249,3308719645959,045-107,3579067702001052,217,6 Ruskin Place,Launceston,3881,TAS,Australia
59,Jemmy,Hoffner,59@test.com,password,52639126,880-485-9258,8360246360302,315-163,5048370674568035,598,80614 Stoughton Center,Sydney,5911,NSW,Australia
60,Rogers,Woolard,60@test.com,password,93226832,419-342-0526,5928216258344,240-877,3546501896432038,056,17729 Killdeer Trail,Sydney,8652,NSW,Australia
61,Bancroft,Gartin,61@test.com,password,89337719,717-378-3929,7433684775179,548-318,3536258563464883,690,06 American Terrace,Eastern Suburbs Mc,4410,NSW,Australia
62,Neille,Cardillo,62@test.com,password,42709136,937-906-8224,4028950684841,767-869,3557039471281641,917,4 Kings Drive,Melbourne,8704,VIC,Australia
63,Ailey,Hallen,63@test.com,password,37159133,821-283-8286,4139243922790,392-647,4911657722654165876,739,9 Sage Center,Adelaide Mail Centre,2025,SA,Australia
64,Renie,Lawty,64@test.com,password,71806307,840-328-4273,7947499351786,889-495,4405380052616934,398,069 Morningstar Hill,Adelaide Mail Centre,7120,SA,Australia
65,Edward,Getch,65@test.com,password,45159237,473-344-1970,4496971970807,642-049,3575390068501422,681,92 Emmet Hill,Sydney,6370,NSW,Australia
66,Haily,Terbeck,66@test.com,password,82090036,668-976-6598,0429365866760,641-437,676322073798223587,772,49 Sommers Center,Sydney,5364,NSW,Australia
67,Bettina,Concannon,67@test.com,password,71913654,461-614-1084,4918441107456,066-157,3587210212620959,583,1 Scott Crossing,Sydney,5907,NSW,Australia
68,Nowell,Emanson,68@test.com,password,93406884,158-518-8838,1106909995261,404-223,3556305678613063,063,1 Morrow Place,Adelaide Mail Centre,5764,SA,Australia
69,Rickie,Meekins,69@test.com,password,41515245,789-355-3084,3075456264269,915-511,5229715334241301,008,8 Towne Terrace,Australia Square,3627,NSW,Australia
70,Gasparo,Woolbrook,70@test.com,password,66245985,521-374-8082,7440543304538,605-566,3535758610438633,246,8602 Donald Way,Sydney,1327,NSW,Australia
71,Parke,Kydd,71@test.com,password,16415083,510-632-3244,4798266365121,343-259,4175003190600390,407,3727 Harbort Plaza,Sydney,2530,NSW,Australia
72,Romona,Thomasset,72@test.com,password,13548449,521-292-4935,3471075241150,356-151,5100138844728457,163,70137 Gale Drive,Adelaide Mail Centre,4839,SA,Australia
73,Raviv,Wernher,73@test.com,password,30690144,234-360-0279,9608856749594,829-481,3545546157132695,731,588 Glendale Center,Sydney,7849,NSW,Australia
74,Giffie,Levine,74@test.com,password,75697890,428-776-7492,7541607684340,406-967,3557148397314525,192,7018 Hermina Lane,Sydney,5298,NSW,Australia
75,Morey,Stubbeley,75@test.com,password,97801621,717-433-9657,3243189406215,278-697,3572528042043515,358,0 High Crossing Terrace,Sydney,2116,NSW,Australia
76,Arri,Tabbitt,76@test.com,password,04595511,860-650-1703,7081511212832,521-901,3546038570936877,132,4822 Milwaukee Avenue,Melbourne,3017,VIC,Australia
77,Coralyn,Cornely,77@test.com,password,45637556,205-793-0935,5595127470765,110-957,3553606722386942,251,444 Service Terrace,Australia Square,3657,NSW,Australia
78,Darcy,Hurrell,78@test.com,password,97160187,522-784-6697,0930028564741,482-295,3549097497982551,909,158 Vahlen Alley,Sydney,2641,NSW,Australia
79,Pavel,Thulborn,79@test.com,password,71768712,300-387-0254,4541057828209,200-461,372439494038615,861,0 Red Cloud Road,Perth,9128,WA,Australia
80,Nadean,Snelman,80@test.com,password,14290936,662-681-5562,7053282294409,885-119,3581788181048977,846,400 Lotheville Place,Sydney,2498,NSW,Australia
81,Allyson,Juan,81@test.com,password,68674677,145-130-2068,7181793919920,767-986,675941643477827859,617,588 Karstens Parkway,Perth,0736,WA,Australia
82,Francoise,Marklow,82@test.com,password,91821384,747-527-4375,4254269035656,045-720,30492216518202,860,05280 Lighthouse Bay Parkway,Adelaide Mail Centre,6285,SA,Australia
83,Daune,Lillico,83@test.com,password,56533244,972-461-4730,8938406807642,772-243,3588488220500111,195,61165 Hanover Avenue,Brisbane,0284,QLD,Australia
84,Rebeca,McTerrelly,84@test.com,password,18061434,674-797-5198,5271055202078,214-535,4026840636483654,631,1344 Cody Hill,Sydney,1773,NSW,Australia
85,Sadye,Drennan,85@test.com,password,69998212,902-793-2628,7285100223728,899-282,676301093558010995,638,1307 Buhler Plaza,Eastern Suburbs Mc,3738,NSW,Australia
86,Jacquelyn,Rahlof,86@test.com,password,62542770,545-539-9159,2841395604583,518-756,3559614093369335,044,0759 Old Gate Trail,Sydney,4573,NSW,Australia
87,Layton,Christofe,87@test.com,password,35082543,635-782-7874,7867378344156,228-431,5302581056851457,012,7510 Meadow Vale Drive,Perth,1297,WA,Australia
88,Terrance,Gonzales,88@test.com,password,88601931,907-675-7531,2747517680046,915-153,6304185515077872,466,57 Little Fleur Court,Sydney,3788,NSW,Australia
89,Broddy,Meigh,89@test.com,password,98092323,715-815-0306,5682776103948,191-141,201813898959856,115,09 Swallow Way,Sydney,3138,NSW,Australia
90,Madlin,Couronne,90@test.com,password,97627709,699-360-8498,8846964275512,512-229,3557587142269254,310,37 Holy Cross Point,Melbourne,5131,VIC,Australia
91,Randa,Heck,91@test.com,password,85851707,928-430-3514,4358522969944,783-427,3531186370318569,990,1094 Mockingbird Crossing,Sydney,9864,NSW,Australia
92,Estel,Cannings,92@test.com,password,07742477,871-760-8907,5149423558543,743-144,3561012500405188,755,18 Mockingbird Alley,Melbourne,7522,VIC,Australia
93,Brenda,Filasov,93@test.com,password,20688467,284-376-6865,4212168684881,839-455,3534852559281772,381,926 Debra Park,Sydney,4578,NSW,Australia
94,Khalil,Bellringer,94@test.com,password,30095863,374-783-5010,9526042953792,864-003,201512561328213,869,77153 Hazelcrest Lane,Hobart,8466,TAS,Australia
95,Roseline,Figin,95@test.com,password,59833745,886-369-6105,6250847123105,450-948,3580070718502078,388,6090 Carberry Point,Sydney,6773,NSW,Australia
96,Stavros,Pucker,96@test.com,password,50941800,941-181-6158,5441000928217,455-639,4175001336634281,585,9339 Park Meadow Plaza,Melbourne,6944,VIC,Australia
97,Maynord,Wride,97@test.com,password,24607491,472-352-3493,7900954485035,619-815,3581248576737775,531,523 Gateway Center,Sydney,3711,NSW,Australia
98,Latashia,Abramovic,98@test.com,password,47701811,966-223-4537,2618067907410,601-906,3566801077323765,012,25892 Texas Pass,Eastern Suburbs Mc,6348,NSW,Australia
99,Germaine,Bartomeu,99@test.com,password,99315822,701-502-3077,6440974912578,780-611,4017959834015414,397,350 Loftsgordon Hill,Sydney,2835,NSW,Australia
100,Gunar,Shellsheere,100@test.com,password,29833320,239-346-2662,9449319757275,138-727,3545428423777076,475,6 Briar Crest Crossing,Sydney,6428,NSW,Australia
