2017-09-27 23:29:12,77,51,platea dictumst etiam faucibus cursus urna ut tellus nulla ut erat
2017-09-29 21:55:28,97,5,cubilia curae nulla dapibus dolor vel est donec odio justo sollicitudin ut suscipit a feugiat et
2018-03-17 17:32:48,66,88,adipiscing elit proin interdum mauris non ligula pellentesque ultrices phasellus id sapien in sapien iaculis congue vivamus
2018-01-01 04:08:20,44,17,porta volutpat erat quisque erat eros viverra eget congue eget semper rutrum nulla nunc purus phasellus in felis donec semper
2018-04-18 12:10:33,72,47,eget congue eget semper rutrum nulla nunc purus phasellus in felis donec semper sapien a libero nam dui
2017-08-31 12:00:45,91,28,dolor vel est donec odio justo sollicitudin ut suscipit a feugiat
2017-12-24 11:27:48,30,97,donec ut dolor morbi vel lectus in quam fringilla rhoncus mauris enim leo rhoncus sed vestibulum
2017-07-17 01:44:55,33,42,consequat morbi a ipsum integer a nibh in quis justo
2018-01-29 16:11:07,10,44,sit amet erat nulla tempus vivamus in felis eu sapien cursus
2018-05-05 14:02:13,72,3,neque vestibulum eget vulputate ut ultrices vel augue vestibulum ante ipsum primis in faucibus
2018-02-16 11:52:39,88,12,phasellus in felis donec semper sapien a libero nam dui proin leo odio porttitor
2017-11-13 12:42:17,91,42,libero nam dui proin leo odio porttitor id consequat in consequat ut nulla sed accumsan felis ut at
2017-12-16 09:35:02,100,84,vestibulum aliquet ultrices erat tortor sollicitudin mi sit amet lobortis sapien sapien
2017-12-05 10:45:19,81,67,ligula in lacus curabitur at ipsum ac tellus semper interdum mauris
2018-04-05 10:13:01,21,61,morbi non lectus aliquam sit amet diam in magna bibendum imperdiet nullam orci
2017-06-05 17:50:21,57,15,vulputate elementum nullam varius nulla facilisi cras non velit nec nisi vulputate nonummy maecenas tincidunt lacus at
2017-09-04 15:19:27,19,54,nibh fusce lacus purus aliquet at feugiat non pretium quis lectus suspendisse potenti in
2018-02-17 15:58:48,91,97,curae nulla dapibus dolor vel est donec odio justo sollicitudin ut suscipit a feugiat et
2017-07-15 12:45:19,94,94,metus sapien ut nunc vestibulum ante ipsum primis in faucibus orci luctus et ultrices posuere cubilia curae mauris viverra diam
2017-08-24 14:28:25,100,65,rhoncus mauris enim leo rhoncus sed vestibulum sit amet cursus id turpis integer aliquet
2018-03-13 06:52:10,50,86,ipsum integer a nibh in quis justo maecenas rhoncus aliquam lacus morbi quis tortor id nulla ultrices aliquet maecenas leo
2017-05-17 20:17:24,98,57,dui luctus rutrum nulla tellus in sagittis dui vel nisl duis ac nibh fusce lacus
2017-10-20 23:38:53,15,28,hac habitasse platea dictumst etiam faucibus cursus urna ut tellus nulla ut erat
2017-09-15 14:15:15,44,72,augue vel accumsan tellus nisi eu orci mauris lacinia sapien quis libero nullam sit amet turpis
2018-03-06 06:51:24,69,66,ornare consequat lectus in est risus auctor sed tristique in tempus sit amet sem fusce consequat nulla nisl
2017-08-11 23:29:39,68,75,non ligula pellentesque ultrices phasellus id sapien in sapien iaculis congue vivamus metus arcu adipiscing molestie hendrerit at vulputate vitae
2017-11-27 01:29:19,73,48,non sodales sed tincidunt eu felis fusce posuere felis sed lacus morbi sem mauris laoreet
2018-04-02 01:48:49,12,75,viverra dapibus nulla suscipit ligula in lacus curabitur at ipsum ac tellus semper interdum mauris ullamcorper purus sit
2017-09-20 01:49:52,98,28,purus aliquet at feugiat non pretium quis lectus suspendisse potenti in
2017-08-22 15:37:18,90,34,rhoncus aliquam lacus morbi quis tortor id nulla ultrices aliquet maecenas leo odio condimentum
2017-06-02 07:39:37,9,26,aenean fermentum donec ut mauris eget massa tempor convallis nulla neque libero convallis eget eleifend
2017-08-14 00:21:12,84,94,vitae ipsum aliquam non mauris morbi non lectus aliquam sit amet diam in magna bibendum imperdiet
2017-06-24 16:51:04,75,38,volutpat eleifend donec ut dolor morbi vel lectus in quam fringilla rhoncus mauris enim leo rhoncus sed vestibulum sit amet
2018-03-23 09:04:31,57,44,massa id nisl venenatis lacinia aenean sit amet justo morbi ut odio
2017-09-06 18:29:07,8,71,non pretium quis lectus suspendisse potenti in eleifend quam a
2018-04-16 18:11:01,25,38,maecenas tincidunt lacus at velit vivamus vel nulla eget eros elementum pellentesque quisque porta volutpat erat quisque erat eros
2017-10-16 23:14:09,49,3,in tempus sit amet sem fusce consequat nulla nisl nunc nisl duis bibendum felis sed interdum venenatis turpis enim
2018-01-13 04:41:06,4,13,tellus in sagittis dui vel nisl duis ac nibh fusce lacus purus aliquet at feugiat non pretium quis lectus
2017-11-05 12:37:05,46,62,tellus nisi eu orci mauris lacinia sapien quis libero nullam sit amet turpis elementum ligula
2017-09-26 03:12:45,66,84,vitae nisi nam ultrices libero non mattis pulvinar nulla pede ullamcorper augue
2017-06-21 13:49:06,9,95,at nibh in hac habitasse platea dictumst aliquam augue quam sollicitudin vitae consectetuer eget
2018-02-25 14:40:38,20,74,magna vestibulum aliquet ultrices erat tortor sollicitudin mi sit amet lobortis sapien sapien non mi integer ac neque duis
2017-08-09 19:05:57,82,53,eu massa donec dapibus duis at velit eu est congue elementum in hac habitasse
2017-10-12 15:08:23,51,61,ut volutpat sapien arcu sed augue aliquam erat volutpat in congue etiam justo etiam pretium iaculis justo
2017-09-29 06:21:01,78,94,lectus vestibulum quam sapien varius ut blandit non interdum in ante vestibulum ante ipsum primis in faucibus
2018-03-11 02:13:56,46,59,vulputate justo in blandit ultrices enim lorem ipsum dolor sit amet consectetuer adipiscing
2018-02-07 02:14:00,89,42,luctus ultricies eu nibh quisque id justo sit amet sapien
2018-04-27 22:40:11,42,51,donec semper sapien a libero nam dui proin leo odio porttitor id
2017-10-05 04:21:56,15,43,felis ut at dolor quis odio consequat varius integer ac leo pellentesque ultrices
2018-04-29 15:07:34,81,89,enim leo rhoncus sed vestibulum sit amet cursus id turpis integer aliquet massa id
2017-07-21 11:38:37,66,19,faucibus cursus urna ut tellus nulla ut erat id mauris vulputate elementum nullam varius nulla facilisi cras
2017-11-17 05:30:26,84,53,enim in tempor turpis nec euismod scelerisque quam turpis adipiscing lorem vitae mattis nibh ligula nec sem duis aliquam convallis
2018-01-17 21:03:44,77,88,a pede posuere nonummy integer non velit donec diam neque vestibulum eget vulputate ut ultrices vel augue vestibulum ante
2018-04-07 10:08:41,37,88,mauris eget massa tempor convallis nulla neque libero convallis eget eleifend luctus ultricies eu nibh quisque id justo
2017-12-13 22:53:57,20,8,turpis sed ante vivamus tortor duis mattis egestas metus aenean
2018-02-07 22:43:33,8,36,vulputate vitae nisl aenean lectus pellentesque eget nunc donec quis orci eget orci
2018-03-04 11:56:31,57,100,aliquam erat volutpat in congue etiam justo etiam pretium iaculis justo in hac habitasse platea dictumst etiam faucibus
2018-05-08 13:39:20,26,100,posuere cubilia curae donec pharetra magna vestibulum aliquet ultrices erat tortor sollicitudin mi sit amet
2018-04-27 03:33:39,66,86,donec vitae nisi nam ultrices libero non mattis pulvinar nulla pede ullamcorper augue a suscipit nulla
2017-08-05 11:53:48,93,45,lorem vitae mattis nibh ligula nec sem duis aliquam convallis nunc proin at
2017-10-29 06:42:04,90,84,dolor sit amet consectetuer adipiscing elit proin interdum mauris non ligula pellentesque ultrices phasellus
2018-03-21 08:22:33,99,65,pede lobortis ligula sit amet eleifend pede libero quis orci nullam molestie nibh
2017-10-06 15:45:39,57,98,suspendisse potenti cras in purus eu magna vulputate luctus cum sociis natoque penatibus et
2017-07-30 04:05:37,84,52,praesent blandit nam nulla integer pede justo lacinia eget tincidunt eget tempus vel pede morbi porttitor lorem
2017-12-05 09:11:12,86,8,pede morbi porttitor lorem id ligula suspendisse ornare consequat lectus in est risus auctor sed tristique in tempus
2017-11-28 22:27:05,45,70,id massa id nisl venenatis lacinia aenean sit amet justo morbi ut odio
2017-08-24 09:03:41,35,29,proin eu mi nulla ac enim in tempor turpis nec euismod scelerisque
2018-03-09 08:41:20,61,20,turpis a pede posuere nonummy integer non velit donec diam neque vestibulum eget vulputate ut ultrices vel augue vestibulum
2017-07-01 04:28:37,80,8,id nulla ultrices aliquet maecenas leo odio condimentum id luctus nec molestie
2017-12-20 01:26:37,2,77,imperdiet et commodo vulputate justo in blandit ultrices enim lorem ipsum dolor sit amet consectetuer adipiscing elit proin interdum mauris
2018-03-31 23:53:39,51,54,dictumst morbi vestibulum velit id pretium iaculis diam erat fermentum justo nec
2018-02-08 17:34:51,79,59,luctus et ultrices posuere cubilia curae duis faucibus accumsan odio curabitur convallis duis consequat
2017-12-04 12:29:57,21,57,in purus eu magna vulputate luctus cum sociis natoque penatibus et magnis dis parturient montes nascetur ridiculus mus
2018-02-20 19:20:17,30,45,et ultrices posuere cubilia curae mauris viverra diam vitae quam suspendisse potenti nullam porttitor lacus
2017-09-12 03:42:32,9,6,lorem quisque ut erat curabitur gravida nisi at nibh in
2018-02-20 17:16:47,39,58,erat nulla tempus vivamus in felis eu sapien cursus vestibulum proin eu mi nulla ac enim in tempor turpis nec
2018-01-09 14:25:40,76,64,purus eu magna vulputate luctus cum sociis natoque penatibus et magnis dis parturient montes
2017-06-29 15:56:54,92,69,ante ipsum primis in faucibus orci luctus et ultrices posuere cubilia curae donec pharetra magna vestibulum
2017-08-09 20:47:16,98,34,non mauris morbi non lectus aliquam sit amet diam in magna bibendum imperdiet
2017-07-05 07:34:51,93,89,quis lectus suspendisse potenti in eleifend quam a odio in hac habitasse platea dictumst maecenas ut
2017-11-22 11:56:40,35,31,donec quis orci eget orci vehicula condimentum curabitur in libero ut
2017-11-17 11:16:52,51,26,diam neque vestibulum eget vulputate ut ultrices vel augue vestibulum ante ipsum primis
2017-11-23 16:51:50,91,82,sed lacus morbi sem mauris laoreet ut rhoncus aliquet pulvinar sed nisl nunc rhoncus dui vel sem sed sagittis
2017-07-25 10:39:31,66,46,non ligula pellentesque ultrices phasellus id sapien in sapien iaculis congue vivamus metus arcu adipiscing molestie hendrerit at vulputate vitae
2018-03-23 19:27:04,79,86,dignissim vestibulum vestibulum ante ipsum primis in faucibus orci luctus et ultrices posuere cubilia curae nulla dapibus dolor vel est
2017-11-03 17:07:17,50,16,quisque erat eros viverra eget congue eget semper rutrum nulla nunc purus phasellus in felis donec semper sapien
2018-03-01 16:01:37,3,23,quam turpis adipiscing lorem vitae mattis nibh ligula nec sem duis aliquam convallis nunc proin
2017-06-12 00:54:28,59,19,primis in faucibus orci luctus et ultrices posuere cubilia curae duis
2017-05-16 00:53:52,63,81,vivamus in felis eu sapien cursus vestibulum proin eu mi nulla ac enim in tempor
2017-05-12 03:26:59,14,64,erat id mauris vulputate elementum nullam varius nulla facilisi cras non velit nec nisi vulputate nonummy maecenas tincidunt
2017-10-30 23:19:53,38,17,iaculis congue vivamus metus arcu adipiscing molestie hendrerit at vulputate vitae nisl aenean lectus pellentesque eget nunc donec quis
2018-04-22 21:54:35,16,29,felis ut at dolor quis odio consequat varius integer ac leo pellentesque ultrices mattis
2018-01-13 13:44:52,9,91,felis sed interdum venenatis turpis enim blandit mi in porttitor
2017-05-16 15:40:13,98,75,bibendum felis sed interdum venenatis turpis enim blandit mi in porttitor pede justo eu
2018-01-24 20:36:06,38,80,cras mi pede malesuada in imperdiet et commodo vulputate justo in blandit
2017-05-22 08:22:08,24,86,sem mauris laoreet ut rhoncus aliquet pulvinar sed nisl nunc rhoncus dui vel sem sed sagittis nam congue risus
2018-04-24 22:40:01,72,22,ultrices libero non mattis pulvinar nulla pede ullamcorper augue a suscipit nulla elit ac nulla sed vel enim
2017-10-31 08:04:30,27,8,phasellus id sapien in sapien iaculis congue vivamus metus arcu adipiscing molestie
2018-04-17 12:30:28,78,14,nam ultrices libero non mattis pulvinar nulla pede ullamcorper augue a suscipit nulla elit
2018-03-09 16:51:08,66,11,aenean sit amet justo morbi ut odio cras mi pede malesuada in imperdiet et commodo vulputate justo in blandit
2017-05-11 17:35:32,61,54,blandit ultrices enim lorem ipsum dolor sit amet consectetuer adipiscing elit proin interdum mauris non ligula pellentesque ultrices phasellus id
2017-07-27 06:33:46,74,7,convallis morbi odio odio elementum eu interdum eu tincidunt in leo maecenas pulvinar lobortis est
2017-05-28 01:41:32,21,17,faucibus orci luctus et ultrices posuere cubilia curae duis faucibus accumsan odio curabitur convallis
2017-12-03 02:16:10,1,11,magna vestibulum aliquet ultrices erat tortor sollicitudin mi sit amet lobortis sapien sapien non mi integer ac neque
2017-11-29 20:38:28,94,15,pharetra magna ac consequat metus sapien ut nunc vestibulum ante ipsum
2017-09-26 17:45:43,45,55,aliquam augue quam sollicitudin vitae consectetuer eget rutrum at lorem integer tincidunt ante vel
2017-07-25 11:51:43,87,87,dapibus augue vel accumsan tellus nisi eu orci mauris lacinia sapien quis libero nullam sit
2018-03-11 03:54:06,68,32,consectetuer adipiscing elit proin risus praesent lectus vestibulum quam sapien varius ut blandit non interdum in ante
2018-03-13 12:31:59,78,89,interdum mauris non ligula pellentesque ultrices phasellus id sapien in sapien iaculis congue vivamus metus arcu adipiscing
2017-11-20 00:59:52,63,38,sed tristique in tempus sit amet sem fusce consequat nulla nisl nunc nisl
2017-08-13 18:19:27,62,90,neque sapien placerat ante nulla justo aliquam quis turpis eget elit sodales scelerisque mauris sit amet eros
2018-02-13 23:08:39,40,94,mauris viverra diam vitae quam suspendisse potenti nullam porttitor lacus at
2017-09-17 22:02:43,71,81,sapien cursus vestibulum proin eu mi nulla ac enim in tempor turpis nec euismod scelerisque quam
2018-04-25 10:15:10,15,18,quis justo maecenas rhoncus aliquam lacus morbi quis tortor id nulla ultrices aliquet maecenas leo odio condimentum
2018-03-03 21:46:23,63,97,posuere felis sed lacus morbi sem mauris laoreet ut rhoncus aliquet
2018-04-25 08:38:58,44,1,ipsum ac tellus semper interdum mauris ullamcorper purus sit amet nulla quisque arcu libero rutrum ac lobortis
2017-09-22 17:11:42,97,28,sapien non mi integer ac neque duis bibendum morbi non
2017-08-10 07:25:38,99,50,justo sollicitudin ut suscipit a feugiat et eros vestibulum ac est lacinia nisi venenatis tristique fusce
2018-03-18 16:00:52,31,53,dolor morbi vel lectus in quam fringilla rhoncus mauris enim leo rhoncus sed vestibulum sit amet cursus id turpis integer
2018-03-28 20:43:55,41,23,risus auctor sed tristique in tempus sit amet sem fusce consequat nulla nisl nunc
2017-11-24 18:06:18,42,41,primis in faucibus orci luctus et ultrices posuere cubilia curae nulla dapibus
2018-02-12 09:59:12,97,12,sit amet erat nulla tempus vivamus in felis eu sapien cursus vestibulum
2017-08-15 11:09:58,47,58,lacus morbi sem mauris laoreet ut rhoncus aliquet pulvinar sed nisl
2017-11-13 15:44:23,76,31,accumsan odio curabitur convallis duis consequat dui nec nisi volutpat eleifend donec ut dolor morbi vel lectus in
2017-05-19 08:46:38,25,93,velit donec diam neque vestibulum eget vulputate ut ultrices vel augue vestibulum ante
2017-10-02 22:15:44,51,8,luctus tincidunt nulla mollis molestie lorem quisque ut erat curabitur gravida nisi at nibh in hac habitasse platea dictumst aliquam
2017-07-01 04:49:22,92,46,nullam sit amet turpis elementum ligula vehicula consequat morbi a ipsum integer a nibh in quis justo maecenas rhoncus aliquam
2017-06-07 19:25:08,56,17,ipsum aliquam non mauris morbi non lectus aliquam sit amet diam in magna bibendum imperdiet nullam orci pede
2017-05-15 15:32:25,11,31,eu magna vulputate luctus cum sociis natoque penatibus et magnis dis parturient montes nascetur ridiculus mus
2017-12-12 07:34:29,23,96,cras non velit nec nisi vulputate nonummy maecenas tincidunt lacus at velit
2017-07-05 10:23:38,48,20,nunc donec quis orci eget orci vehicula condimentum curabitur in libero
2017-07-15 20:33:10,15,4,consequat varius integer ac leo pellentesque ultrices mattis odio donec vitae nisi nam ultrices libero
2018-03-22 14:31:45,43,49,accumsan odio curabitur convallis duis consequat dui nec nisi volutpat eleifend donec ut dolor
2018-03-20 18:48:10,80,25,ligula sit amet eleifend pede libero quis orci nullam molestie nibh in lectus pellentesque at nulla suspendisse
2017-08-15 00:43:48,50,17,id nulla ultrices aliquet maecenas leo odio condimentum id luctus nec molestie sed justo pellentesque viverra pede ac
2017-11-28 11:28:00,69,24,semper rutrum nulla nunc purus phasellus in felis donec semper sapien a libero nam
2017-12-31 18:28:07,2,71,sodales sed tincidunt eu felis fusce posuere felis sed lacus morbi sem mauris laoreet
2017-12-15 06:43:25,99,27,ut dolor morbi vel lectus in quam fringilla rhoncus mauris enim leo rhoncus sed vestibulum sit
2017-05-11 21:47:51,36,7,pellentesque eget nunc donec quis orci eget orci vehicula condimentum
2017-12-07 09:01:49,34,88,accumsan felis ut at dolor quis odio consequat varius integer ac leo pellentesque ultrices mattis odio
2017-06-01 23:51:10,33,56,nulla suspendisse potenti cras in purus eu magna vulputate luctus cum sociis natoque penatibus et
2017-07-05 20:10:41,24,9,donec ut mauris eget massa tempor convallis nulla neque libero convallis eget eleifend luctus ultricies eu nibh quisque id justo
2017-12-18 18:32:12,80,38,auctor sed tristique in tempus sit amet sem fusce consequat nulla nisl
2018-03-12 02:02:45,16,99,amet eleifend pede libero quis orci nullam molestie nibh in lectus pellentesque at nulla suspendisse potenti cras in purus
2017-05-30 20:30:53,63,51,tincidunt nulla mollis molestie lorem quisque ut erat curabitur gravida
2017-05-11 23:00:22,80,12,amet lobortis sapien sapien non mi integer ac neque duis
2018-04-13 04:07:31,77,90,curae nulla dapibus dolor vel est donec odio justo sollicitudin ut suscipit a
2018-04-05 01:03:07,92,52,massa id lobortis convallis tortor risus dapibus augue vel accumsan
2017-06-05 06:43:59,31,92,sapien varius ut blandit non interdum in ante vestibulum ante ipsum primis in faucibus orci luctus et ultrices
2018-04-27 07:59:15,19,58,duis at velit eu est congue elementum in hac habitasse platea
2017-08-28 11:57:19,28,66,etiam justo etiam pretium iaculis justo in hac habitasse platea dictumst etiam faucibus cursus urna ut
2017-11-25 09:22:57,25,99,nulla justo aliquam quis turpis eget elit sodales scelerisque mauris sit amet eros suspendisse accumsan tortor
2017-11-20 00:30:44,55,44,sodales scelerisque mauris sit amet eros suspendisse accumsan tortor quis
2017-11-22 01:45:35,5,96,consequat varius integer ac leo pellentesque ultrices mattis odio donec vitae nisi nam ultrices libero non mattis pulvinar
2018-01-26 22:07:44,76,79,felis donec semper sapien a libero nam dui proin leo odio porttitor id consequat in consequat
2017-08-14 19:13:24,1,41,at velit vivamus vel nulla eget eros elementum pellentesque quisque porta volutpat erat quisque
2018-05-07 20:44:03,20,61,tincidunt ante vel ipsum praesent blandit lacinia erat vestibulum sed magna at nunc commodo placerat praesent blandit nam nulla
2017-12-15 05:49:48,89,78,vestibulum sed magna at nunc commodo placerat praesent blandit nam nulla
2018-01-03 14:33:53,94,57,at ipsum ac tellus semper interdum mauris ullamcorper purus sit amet nulla quisque arcu libero rutrum
2018-01-28 00:51:54,26,43,ligula nec sem duis aliquam convallis nunc proin at turpis a pede posuere nonummy integer non velit donec diam neque
2017-09-06 07:57:59,58,16,luctus ultricies eu nibh quisque id justo sit amet sapien dignissim vestibulum vestibulum ante ipsum primis in faucibus
2017-06-08 12:53:23,78,25,ultrices aliquet maecenas leo odio condimentum id luctus nec molestie sed justo pellentesque viverra pede ac diam
2017-12-11 23:46:31,6,30,nonummy integer non velit donec diam neque vestibulum eget vulputate
2017-06-18 13:54:16,73,1,et commodo vulputate justo in blandit ultrices enim lorem ipsum dolor sit amet
2017-07-22 21:28:34,90,74,sem duis aliquam convallis nunc proin at turpis a pede posuere nonummy
2018-01-21 18:52:54,49,68,viverra dapibus nulla suscipit ligula in lacus curabitur at ipsum
2017-07-31 17:35:26,36,38,etiam pretium iaculis justo in hac habitasse platea dictumst etiam faucibus cursus urna ut tellus
2017-07-27 09:35:13,52,61,ultricies eu nibh quisque id justo sit amet sapien dignissim vestibulum vestibulum ante ipsum
2017-11-23 00:49:52,99,62,suscipit a feugiat et eros vestibulum ac est lacinia nisi venenatis tristique fusce congue diam id ornare
2017-12-04 07:55:37,78,78,nulla nunc purus phasellus in felis donec semper sapien a libero
2017-08-08 23:16:05,70,66,ut nunc vestibulum ante ipsum primis in faucibus orci luctus et ultrices posuere cubilia curae mauris viverra diam vitae
2017-08-19 03:49:19,5,4,eget vulputate ut ultrices vel augue vestibulum ante ipsum primis
2017-07-10 17:20:21,81,71,sit amet eleifend pede libero quis orci nullam molestie nibh in lectus
2018-02-17 22:06:08,91,83,magna at nunc commodo placerat praesent blandit nam nulla integer pede justo lacinia eget tincidunt eget
2017-12-05 02:14:13,63,8,vestibulum ante ipsum primis in faucibus orci luctus et ultrices posuere cubilia curae duis faucibus accumsan
2017-06-03 21:43:44,23,79,sit amet consectetuer adipiscing elit proin interdum mauris non ligula pellentesque
2018-01-10 00:38:54,43,50,orci mauris lacinia sapien quis libero nullam sit amet turpis elementum ligula vehicula consequat morbi a ipsum
2018-04-29 01:40:37,74,44,aliquam lacus morbi quis tortor id nulla ultrices aliquet maecenas
2017-07-17 12:14:48,75,6,montes nascetur ridiculus mus vivamus vestibulum sagittis sapien cum sociis natoque penatibus et magnis dis parturient
2017-06-14 06:25:16,83,89,sed vestibulum sit amet cursus id turpis integer aliquet massa id lobortis convallis tortor risus dapibus
2017-10-07 20:11:52,69,48,curabitur gravida nisi at nibh in hac habitasse platea dictumst aliquam augue
2017-12-05 12:05:43,72,39,rutrum nulla tellus in sagittis dui vel nisl duis ac nibh fusce lacus purus aliquet at feugiat non pretium
2017-12-13 13:42:53,12,47,elementum pellentesque quisque porta volutpat erat quisque erat eros viverra eget
2018-01-27 00:47:08,91,9,at velit eu est congue elementum in hac habitasse platea
2017-07-25 06:23:00,5,100,eget congue eget semper rutrum nulla nunc purus phasellus in felis donec semper sapien a libero
2018-05-02 02:22:01,95,41,sit amet cursus id turpis integer aliquet massa id lobortis convallis tortor risus dapibus augue vel accumsan tellus nisi
2017-10-30 06:31:20,11,43,feugiat et eros vestibulum ac est lacinia nisi venenatis tristique fusce congue diam id ornare
2018-04-22 05:20:26,11,78,felis ut at dolor quis odio consequat varius integer ac
2018-01-25 06:38:47,25,81,leo odio porttitor id consequat in consequat ut nulla sed accumsan
2017-08-05 16:25:00,48,76,vulputate justo in blandit ultrices enim lorem ipsum dolor sit amet consectetuer adipiscing elit proin interdum mauris non
2018-01-01 13:29:11,29,35,in quam fringilla rhoncus mauris enim leo rhoncus sed vestibulum sit amet cursus id turpis
2017-07-04 01:20:58,71,25,sociis natoque penatibus et magnis dis parturient montes nascetur ridiculus mus vivamus vestibulum
2018-05-05 22:32:17,18,66,quis orci eget orci vehicula condimentum curabitur in libero ut
2018-03-29 13:23:55,77,15,magna vestibulum aliquet ultrices erat tortor sollicitudin mi sit amet lobortis sapien sapien non
2017-07-19 06:04:40,44,15,porta volutpat quam pede lobortis ligula sit amet eleifend pede libero quis orci
2018-02-16 22:01:19,90,33,mauris ullamcorper purus sit amet nulla quisque arcu libero rutrum ac lobortis vel dapibus at diam nam tristique tortor eu
2018-01-21 09:29:14,89,7,porttitor pede justo eu massa donec dapibus duis at velit eu est
2017-06-03 17:27:26,27,13,elit proin interdum mauris non ligula pellentesque ultrices phasellus id sapien in sapien iaculis congue vivamus metus
2017-05-17 23:01:02,89,40,convallis eget eleifend luctus ultricies eu nibh quisque id justo sit amet sapien dignissim vestibulum vestibulum ante
2018-02-19 11:29:21,27,11,sem mauris laoreet ut rhoncus aliquet pulvinar sed nisl nunc rhoncus dui vel sem sed sagittis nam congue risus semper
2017-11-04 22:05:49,9,68,amet nunc viverra dapibus nulla suscipit ligula in lacus curabitur at ipsum ac tellus semper interdum
2017-05-31 20:42:18,72,41,libero nam dui proin leo odio porttitor id consequat in consequat ut nulla sed accumsan felis ut
2017-06-29 02:43:41,73,66,convallis duis consequat dui nec nisi volutpat eleifend donec ut dolor morbi vel lectus in quam fringilla rhoncus
2017-10-26 09:38:57,49,58,donec quis orci eget orci vehicula condimentum curabitur in libero ut massa volutpat convallis morbi odio odio elementum eu
2017-12-06 00:58:56,95,15,sociis natoque penatibus et magnis dis parturient montes nascetur ridiculus mus vivamus vestibulum
2017-11-23 08:10:30,40,3,praesent lectus vestibulum quam sapien varius ut blandit non interdum in ante vestibulum ante ipsum primis
2017-10-16 14:36:42,74,63,nam nulla integer pede justo lacinia eget tincidunt eget tempus
2017-11-22 18:35:59,33,70,donec diam neque vestibulum eget vulputate ut ultrices vel augue vestibulum ante ipsum primis in faucibus
2017-11-14 18:02:04,9,33,donec vitae nisi nam ultrices libero non mattis pulvinar nulla pede
2018-02-01 02:33:35,65,83,donec diam neque vestibulum eget vulputate ut ultrices vel augue vestibulum ante ipsum primis in
2018-01-24 07:23:27,43,24,varius nulla facilisi cras non velit nec nisi vulputate nonummy maecenas tincidunt lacus at
2017-08-07 23:37:25,47,83,elementum ligula vehicula consequat morbi a ipsum integer a nibh in quis justo maecenas rhoncus
2018-01-24 14:28:02,79,45,augue a suscipit nulla elit ac nulla sed vel enim sit amet nunc viverra dapibus
2017-10-21 12:55:16,64,76,praesent blandit lacinia erat vestibulum sed magna at nunc commodo placerat praesent blandit nam nulla integer pede justo lacinia
2017-07-09 19:39:07,34,6,justo pellentesque viverra pede ac diam cras pellentesque volutpat dui maecenas tristique est et tempus semper est quam
2017-09-21 14:49:42,35,9,amet consectetuer adipiscing elit proin risus praesent lectus vestibulum quam sapien varius ut blandit non interdum in ante
2017-09-10 18:26:23,87,84,nulla elit ac nulla sed vel enim sit amet nunc
2017-12-10 18:13:30,36,24,non pretium quis lectus suspendisse potenti in eleifend quam a odio in hac habitasse
2018-03-10 16:59:31,92,28,tempus vivamus in felis eu sapien cursus vestibulum proin eu mi nulla
2017-08-29 17:32:30,99,26,nec euismod scelerisque quam turpis adipiscing lorem vitae mattis nibh ligula nec sem duis aliquam convallis nunc proin at
2017-06-11 20:21:00,87,3,maecenas ut massa quis augue luctus tincidunt nulla mollis molestie lorem quisque ut erat curabitur gravida nisi at
2018-04-29 13:28:31,14,17,consectetuer eget rutrum at lorem integer tincidunt ante vel ipsum praesent blandit
2017-12-23 15:24:45,83,100,lorem ipsum dolor sit amet consectetuer adipiscing elit proin interdum mauris non
2018-02-09 09:17:34,52,14,lacinia eget tincidunt eget tempus vel pede morbi porttitor lorem
2017-08-22 03:27:36,53,14,tincidunt nulla mollis molestie lorem quisque ut erat curabitur gravida nisi at nibh
2017-11-16 05:13:08,79,37,mollis molestie lorem quisque ut erat curabitur gravida nisi at
2017-09-28 05:20:42,63,58,aliquam convallis nunc proin at turpis a pede posuere nonummy integer non velit donec
2017-10-10 01:07:11,59,33,diam cras pellentesque volutpat dui maecenas tristique est et tempus semper est quam pharetra magna
2017-06-07 06:33:07,5,17,mauris morbi non lectus aliquam sit amet diam in magna bibendum imperdiet
2018-02-20 12:04:24,88,73,pellentesque eget nunc donec quis orci eget orci vehicula condimentum curabitur in libero ut massa volutpat convallis morbi odio odio
2018-01-18 10:02:23,60,47,in felis eu sapien cursus vestibulum proin eu mi nulla ac enim in tempor turpis nec euismod
2017-09-08 08:33:37,97,92,id ligula suspendisse ornare consequat lectus in est risus auctor sed
2017-07-31 16:34:49,79,37,pede lobortis ligula sit amet eleifend pede libero quis orci nullam molestie nibh in
2017-08-05 12:01:28,18,51,suscipit a feugiat et eros vestibulum ac est lacinia nisi venenatis tristique
2017-11-08 23:36:12,63,84,morbi a ipsum integer a nibh in quis justo maecenas rhoncus aliquam lacus morbi quis
2017-09-07 18:09:59,22,100,nisl duis bibendum felis sed interdum venenatis turpis enim blandit mi in porttitor pede
2017-08-25 03:54:31,45,7,turpis eget elit sodales scelerisque mauris sit amet eros suspendisse accumsan tortor quis turpis sed
2018-04-27 19:29:11,49,69,pellentesque viverra pede ac diam cras pellentesque volutpat dui maecenas tristique est et tempus semper est quam pharetra magna ac
2017-06-17 10:53:55,90,17,nisl nunc rhoncus dui vel sem sed sagittis nam congue risus
2017-07-22 21:26:48,36,33,nisi nam ultrices libero non mattis pulvinar nulla pede ullamcorper augue a
2018-01-02 11:25:28,23,57,tellus semper interdum mauris ullamcorper purus sit amet nulla quisque arcu libero rutrum ac
2017-11-29 02:14:25,68,46,adipiscing elit proin interdum mauris non ligula pellentesque ultrices phasellus id sapien in
2018-01-24 10:53:42,80,62,quam turpis adipiscing lorem vitae mattis nibh ligula nec sem duis aliquam convallis nunc proin at turpis a pede posuere
2017-09-14 12:56:41,2,23,sed magna at nunc commodo placerat praesent blandit nam nulla integer pede justo lacinia eget tincidunt eget tempus vel pede
2017-07-04 15:26:31,6,82,blandit mi in porttitor pede justo eu massa donec dapibus duis at velit eu est congue elementum in
2017-06-06 04:30:59,71,88,quisque id justo sit amet sapien dignissim vestibulum vestibulum ante ipsum
2018-03-12 09:41:58,97,99,nulla justo aliquam quis turpis eget elit sodales scelerisque mauris sit
2017-07-11 00:31:38,88,19,etiam justo etiam pretium iaculis justo in hac habitasse platea dictumst etiam faucibus cursus urna ut
2018-02-02 08:48:06,57,85,massa quis augue luctus tincidunt nulla mollis molestie lorem quisque ut erat curabitur gravida nisi
2017-05-10 21:21:12,44,66,eu orci mauris lacinia sapien quis libero nullam sit amet
2017-08-18 17:07:39,67,33,sed tincidunt eu felis fusce posuere felis sed lacus morbi sem
2017-10-13 17:14:51,8,41,scelerisque quam turpis adipiscing lorem vitae mattis nibh ligula nec sem duis aliquam
2018-04-30 18:39:11,57,50,duis bibendum morbi non quam nec dui luctus rutrum nulla tellus in sagittis dui vel nisl duis ac nibh
2017-09-06 20:15:29,76,51,volutpat sapien arcu sed augue aliquam erat volutpat in congue etiam justo etiam pretium iaculis justo in hac
2017-09-25 09:16:04,32,19,at lorem integer tincidunt ante vel ipsum praesent blandit lacinia erat vestibulum sed magna at
2017-10-18 21:34:46,27,42,posuere felis sed lacus morbi sem mauris laoreet ut rhoncus
2017-05-12 09:34:51,92,18,diam neque vestibulum eget vulputate ut ultrices vel augue vestibulum ante ipsum primis in faucibus orci luctus et
2017-10-21 15:50:38,26,35,potenti nullam porttitor lacus at turpis donec posuere metus vitae ipsum aliquam non mauris morbi non lectus aliquam
2017-05-25 12:54:58,51,17,sapien ut nunc vestibulum ante ipsum primis in faucibus orci luctus et ultrices
2018-02-15 06:25:46,98,85,praesent lectus vestibulum quam sapien varius ut blandit non interdum in ante vestibulum ante ipsum primis in faucibus orci
2018-02-24 03:50:13,80,44,pulvinar lobortis est phasellus sit amet erat nulla tempus vivamus in felis eu sapien cursus
2018-01-29 23:43:08,41,58,donec vitae nisi nam ultrices libero non mattis pulvinar nulla pede ullamcorper augue a suscipit nulla elit ac nulla sed
2017-06-13 10:31:19,50,84,sodales sed tincidunt eu felis fusce posuere felis sed lacus morbi sem mauris laoreet
2018-04-25 06:54:13,66,62,integer a nibh in quis justo maecenas rhoncus aliquam lacus morbi quis tortor
2017-12-01 18:02:33,33,66,a libero nam dui proin leo odio porttitor id consequat in consequat ut nulla sed accumsan felis ut
2018-05-02 04:17:16,53,38,platea dictumst maecenas ut massa quis augue luctus tincidunt nulla mollis molestie lorem quisque
2017-05-09 09:06:56,51,11,in felis eu sapien cursus vestibulum proin eu mi nulla
2018-03-29 23:20:50,6,81,felis donec semper sapien a libero nam dui proin leo
2018-02-17 07:55:01,54,11,enim blandit mi in porttitor pede justo eu massa donec
2017-08-05 12:14:34,77,88,sapien a libero nam dui proin leo odio porttitor id consequat in consequat ut nulla sed accumsan felis
2018-01-27 17:14:20,31,19,curabitur in libero ut massa volutpat convallis morbi odio odio elementum eu interdum
2017-12-25 19:04:13,14,84,ut nulla sed accumsan felis ut at dolor quis odio consequat varius
2017-10-04 14:08:07,79,68,dui proin leo odio porttitor id consequat in consequat ut nulla sed accumsan felis ut at dolor quis
2017-12-15 11:25:56,17,85,et ultrices posuere cubilia curae duis faucibus accumsan odio curabitur convallis duis consequat dui nec
2017-10-02 22:28:43,53,5,metus vitae ipsum aliquam non mauris morbi non lectus aliquam sit amet
2018-03-30 08:57:07,80,58,molestie lorem quisque ut erat curabitur gravida nisi at nibh in
2018-01-05 16:21:08,45,13,interdum venenatis turpis enim blandit mi in porttitor pede justo eu massa donec
2018-03-20 09:29:18,56,58,elit sodales scelerisque mauris sit amet eros suspendisse accumsan tortor quis turpis sed ante vivamus tortor duis mattis egestas
2018-04-28 17:26:20,23,38,nisl duis ac nibh fusce lacus purus aliquet at feugiat non pretium quis lectus suspendisse potenti in
2017-07-31 15:51:39,17,95,a odio in hac habitasse platea dictumst maecenas ut massa
2017-10-02 19:38:34,74,33,ultrices vel augue vestibulum ante ipsum primis in faucibus orci luctus et ultrices posuere cubilia curae donec pharetra
2017-08-15 07:30:33,61,52,cubilia curae nulla dapibus dolor vel est donec odio justo sollicitudin
2017-08-07 22:44:19,55,5,lorem quisque ut erat curabitur gravida nisi at nibh in hac
2017-12-19 03:39:23,39,58,aenean auctor gravida sem praesent id massa id nisl venenatis lacinia aenean sit amet justo morbi
2017-09-22 14:39:17,34,39,diam in magna bibendum imperdiet nullam orci pede venenatis non sodales sed tincidunt eu felis fusce posuere felis sed
2017-05-22 09:51:49,36,30,lacus at velit vivamus vel nulla eget eros elementum pellentesque quisque porta volutpat erat quisque erat eros
2017-05-28 02:17:44,43,4,quam suspendisse potenti nullam porttitor lacus at turpis donec posuere metus vitae ipsum aliquam non
2017-07-28 04:35:29,59,67,semper porta volutpat quam pede lobortis ligula sit amet eleifend pede libero quis orci nullam molestie nibh in lectus
2018-03-07 16:04:20,96,67,viverra dapibus nulla suscipit ligula in lacus curabitur at ipsum
2017-06-18 01:11:58,75,69,sed vestibulum sit amet cursus id turpis integer aliquet massa id lobortis
2017-09-22 20:00:21,81,23,vitae nisi nam ultrices libero non mattis pulvinar nulla pede ullamcorper augue a suscipit nulla elit
2018-05-02 00:37:25,46,88,a odio in hac habitasse platea dictumst maecenas ut massa quis augue luctus tincidunt nulla
2017-08-22 08:27:46,60,36,faucibus cursus urna ut tellus nulla ut erat id mauris vulputate elementum nullam varius nulla facilisi
2018-04-21 11:15:06,82,79,ut blandit non interdum in ante vestibulum ante ipsum primis in faucibus orci luctus et ultrices posuere cubilia
2018-04-22 01:45:50,73,32,quis turpis sed ante vivamus tortor duis mattis egestas metus aenean fermentum donec
2017-12-05 11:13:56,58,27,id consequat in consequat ut nulla sed accumsan felis ut at dolor quis odio
2017-09-30 13:01:29,50,56,quis turpis eget elit sodales scelerisque mauris sit amet eros
2017-12-14 01:23:13,40,15,posuere nonummy integer non velit donec diam neque vestibulum eget vulputate ut ultrices vel augue vestibulum ante ipsum primis in
2017-07-21 11:30:12,17,62,cras in purus eu magna vulputate luctus cum sociis natoque penatibus et magnis dis parturient
2017-06-17 08:49:38,35,68,dictumst aliquam augue quam sollicitudin vitae consectetuer eget rutrum at lorem integer tincidunt ante vel ipsum praesent blandit lacinia erat